id,target
c0f722661,-1.2782124876976013
f0953f0a5,-0.5922621190547943
0df072751,-0.5374997891485691
04caf4e0c,-1.9536286443471909
0e63f8bea,-1.3138484060764313
12537fe78,-0.12546139489859343
965e592c0,0.2135699102655053
